theme,folder,image_id,file,original_filename,original_width,original_height,published_width,published_height
wetland-park,01_source_model,camera_1,images/01_source_model/wetland-park_camera_1.jpg,01_pavilion.png,1505,856,1505,856
wetland-park,01_source_model,camera_2,images/01_source_model/wetland-park_camera_2.jpg,02_WET LAND.png,1505,856,1505,856
wetland-park,01_source_model,camera_3,images/01_source_model/wetland-park_camera_3.jpg,03_nature play.png,1505,856,1505,856
urban-riverfront,01_source_model,camera_1,images/01_source_model/urban-riverfront_camera_1.jpg,sketchup1.png,1552,866,1552,866
urban-riverfront,01_source_model,camera_2,images/01_source_model/urban-riverfront_camera_2.jpg,sketchup2.png,1543,876,1543,876
urban-riverfront,01_source_model,camera_3,images/01_source_model/urban-riverfront_camera_3.jpg,sketchup3.png,1545,847,1545,847
prairie-equestrian,01_source_model,camera_1,images/01_source_model/prairie-equestrian_camera_1.jpg,Camera 01_Forest Trail.jpg,2185,1255,1920,1103
prairie-equestrian,01_source_model,camera_2,images/01_source_model/prairie-equestrian_camera_2.jpg,Camera 02_Native Prairie.jpg,2185,1255,1920,1103
prairie-equestrian,01_source_model,camera_3,images/01_source_model/prairie-equestrian_camera_3.jpg,Camera 03_Under Pavilion.jpg,2185,1255,1920,1103
residential-neighborhood,01_source_model,camera_1,images/01_source_model/residential-neighborhood_camera_1.jpg,Sketchup_1.jpg,1707,879,1707,879
residential-neighborhood,01_source_model,camera_2,images/01_source_model/residential-neighborhood_camera_2.jpg,Sketchup_2.png,1920,1080,1920,1080
residential-neighborhood,01_source_model,camera_3,images/01_source_model/residential-neighborhood_camera_3.jpg,Sketchup_3.png,1920,1080,1920,1080
sports-complex,01_source_model,camera_1,images/01_source_model/sports-complex_camera_1.jpg,RHINO_1png.png,1505,939,1505,939
sports-complex,01_source_model,camera_2,images/01_source_model/sports-complex_camera_2.jpg,RHINO_2.png,1498,970,1498,970
sports-complex,01_source_model,camera_3,images/01_source_model/sports-complex_camera_3.jpg,RHINO_3.png,1635,1035,1635,1035
wetland-park,03_sketchup_diffusion,SUD_1_1,images/03_sketchup_diffusion/wetland-park_SUD_1_1.jpg,su1_1.png,1768,1120,1768,1120
wetland-park,03_sketchup_diffusion,SUD_1_2,images/03_sketchup_diffusion/wetland-park_SUD_1_2.jpg,su1_2.png,1768,1120,1768,1120
wetland-park,03_sketchup_diffusion,SUD_1_3,images/03_sketchup_diffusion/wetland-park_SUD_1_3.jpg,su1_3.png,1768,1120,1768,1120
wetland-park,03_sketchup_diffusion,SUD_1_4,images/03_sketchup_diffusion/wetland-park_SUD_1_4.jpg,su1_4.png,1768,1120,1768,1120
wetland-park,03_sketchup_diffusion,SUD_1_5,images/03_sketchup_diffusion/wetland-park_SUD_1_5.jpg,su1_5.png,1768,1120,1768,1120
wetland-park,03_sketchup_diffusion,SUD_2_1,images/03_sketchup_diffusion/wetland-park_SUD_2_1.jpg,su2_1.png,1768,1120,1768,1120
wetland-park,03_sketchup_diffusion,SUD_2_2,images/03_sketchup_diffusion/wetland-park_SUD_2_2.jpg,su2_2.png,1768,1120,1768,1120
wetland-park,03_sketchup_diffusion,SUD_2_3,images/03_sketchup_diffusion/wetland-park_SUD_2_3.jpg,su2_3.png,1768,1120,1768,1120
wetland-park,03_sketchup_diffusion,SUD_2_4,images/03_sketchup_diffusion/wetland-park_SUD_2_4.jpg,su2_4.png,1768,1120,1768,1120
wetland-park,03_sketchup_diffusion,SUD_2_5,images/03_sketchup_diffusion/wetland-park_SUD_2_5.jpg,su2_5.png,1768,1120,1768,1120
wetland-park,03_sketchup_diffusion,SUD_3_1,images/03_sketchup_diffusion/wetland-park_SUD_3_1.jpg,su3_1.png,1768,1120,1768,1120
wetland-park,03_sketchup_diffusion,SUD_3_2,images/03_sketchup_diffusion/wetland-park_SUD_3_2.jpg,su3_2.png,1768,1120,1768,1120
wetland-park,03_sketchup_diffusion,SUD_3_3,images/03_sketchup_diffusion/wetland-park_SUD_3_3.jpg,su3_3.png,1768,1120,1768,1120
wetland-park,03_sketchup_diffusion,SUD_3_4,images/03_sketchup_diffusion/wetland-park_SUD_3_4.jpg,su3_4.png,1768,1120,1768,1120
wetland-park,03_sketchup_diffusion,SUD_3_5,images/03_sketchup_diffusion/wetland-park_SUD_3_5.jpg,su3_5.png,1768,1120,1768,1120
urban-riverfront,03_sketchup_diffusion,SUD_1_1,images/03_sketchup_diffusion/urban-riverfront_SUD_1_1.jpg,SD_1_1.png,2088,952,1920,875
urban-riverfront,03_sketchup_diffusion,SUD_1_2,images/03_sketchup_diffusion/urban-riverfront_SUD_1_2.jpg,SD_1_2.png,2088,952,1920,875
urban-riverfront,03_sketchup_diffusion,SUD_1_3,images/03_sketchup_diffusion/urban-riverfront_SUD_1_3.jpg,SD_1_3.png,2088,952,1920,875
urban-riverfront,03_sketchup_diffusion,SUD_1_4,images/03_sketchup_diffusion/urban-riverfront_SUD_1_4.jpg,SD_1_4.png,2088,952,1920,875
urban-riverfront,03_sketchup_diffusion,SUD_1_5,images/03_sketchup_diffusion/urban-riverfront_SUD_1_5.jpg,SD_1_5.png,2088,952,1920,875
urban-riverfront,03_sketchup_diffusion,SUD_2_1,images/03_sketchup_diffusion/urban-riverfront_SUD_2_1.jpg,SD_2_1.png,1552,936,1552,936
urban-riverfront,03_sketchup_diffusion,SUD_2_2,images/03_sketchup_diffusion/urban-riverfront_SUD_2_2.jpg,SD_2_2.png,1552,936,1552,936
urban-riverfront,03_sketchup_diffusion,SUD_2_3,images/03_sketchup_diffusion/urban-riverfront_SUD_2_3.jpg,SD_2_3.png,1552,936,1552,936
urban-riverfront,03_sketchup_diffusion,SUD_2_4,images/03_sketchup_diffusion/urban-riverfront_SUD_2_4.jpg,SD_2_4.png,1552,936,1552,936
urban-riverfront,03_sketchup_diffusion,SUD_2_5,images/03_sketchup_diffusion/urban-riverfront_SUD_2_5.jpg,SD_2_5.png,1552,936,1552,936
urban-riverfront,03_sketchup_diffusion,SUD_3_1,images/03_sketchup_diffusion/urban-riverfront_SUD_3_1.jpg,SD_3_1.png,1552,936,1552,936
urban-riverfront,03_sketchup_diffusion,SUD_3_2,images/03_sketchup_diffusion/urban-riverfront_SUD_3_2.jpg,SD_3_2.png,1552,936,1552,936
urban-riverfront,03_sketchup_diffusion,SUD_3_3,images/03_sketchup_diffusion/urban-riverfront_SUD_3_3.jpg,SD_3_3.png,1552,936,1552,936
urban-riverfront,03_sketchup_diffusion,SUD_3_4,images/03_sketchup_diffusion/urban-riverfront_SUD_3_4.jpg,SD_3_4.png,1552,936,1552,936
urban-riverfront,03_sketchup_diffusion,SUD_3_5,images/03_sketchup_diffusion/urban-riverfront_SUD_3_5.jpg,SD_3_5.png,1552,936,1552,936
prairie-equestrian,03_sketchup_diffusion,SUD_1_1,images/03_sketchup_diffusion/prairie-equestrian_SUD_1_1.jpg,SUD_1_1.png,1864,1064,1864,1064
prairie-equestrian,03_sketchup_diffusion,SUD_1_2,images/03_sketchup_diffusion/prairie-equestrian_SUD_1_2.jpg,SUD_1_2.png,1864,1064,1864,1064
prairie-equestrian,03_sketchup_diffusion,SUD_1_3,images/03_sketchup_diffusion/prairie-equestrian_SUD_1_3.jpg,SUD_1_3.png,1864,1064,1864,1064
prairie-equestrian,03_sketchup_diffusion,SUD_1_4,images/03_sketchup_diffusion/prairie-equestrian_SUD_1_4.jpg,SUD_1_4.png,1864,1064,1864,1064
prairie-equestrian,03_sketchup_diffusion,SUD_1_5,images/03_sketchup_diffusion/prairie-equestrian_SUD_1_5.jpg,SUD_1_5.png,1864,1064,1864,1064
prairie-equestrian,03_sketchup_diffusion,SUD_2_1,images/03_sketchup_diffusion/prairie-equestrian_SUD_2_1.jpg,SUD_2_1.png,1840,1080,1840,1080
prairie-equestrian,03_sketchup_diffusion,SUD_2_2,images/03_sketchup_diffusion/prairie-equestrian_SUD_2_2.jpg,SUD_2_2.png,1840,1080,1840,1080
prairie-equestrian,03_sketchup_diffusion,SUD_2_3,images/03_sketchup_diffusion/prairie-equestrian_SUD_2_3.jpg,SUD_2_3.png,1864,1064,1864,1064
prairie-equestrian,03_sketchup_diffusion,SUD_2_4,images/03_sketchup_diffusion/prairie-equestrian_SUD_2_4.jpg,SUD_2_4.png,1864,1064,1864,1064
prairie-equestrian,03_sketchup_diffusion,SUD_2_5,images/03_sketchup_diffusion/prairie-equestrian_SUD_2_5.jpg,SUD_2_5.png,1864,1064,1864,1064
prairie-equestrian,03_sketchup_diffusion,SUD_3_1,images/03_sketchup_diffusion/prairie-equestrian_SUD_3_1.jpg,SUD_3_1.png,1840,1080,1840,1080
prairie-equestrian,03_sketchup_diffusion,SUD_3_2,images/03_sketchup_diffusion/prairie-equestrian_SUD_3_2.jpg,SUD_3_2.png,1840,1080,1840,1080
prairie-equestrian,03_sketchup_diffusion,SUD_3_3,images/03_sketchup_diffusion/prairie-equestrian_SUD_3_3.jpg,SUD_3_3.png,1840,1080,1840,1080
prairie-equestrian,03_sketchup_diffusion,SUD_3_4,images/03_sketchup_diffusion/prairie-equestrian_SUD_3_4.jpg,SUD_3_4.png,1840,1080,1840,1080
prairie-equestrian,03_sketchup_diffusion,SUD_3_5,images/03_sketchup_diffusion/prairie-equestrian_SUD_3_5.jpg,SUD_3_5.png,1840,1080,1840,1080
residential-neighborhood,03_sketchup_diffusion,SUD_1_1,images/03_sketchup_diffusion/residential-neighborhood_SUD_1_1.jpg,SUD_1_1.png,1704,872,1704,872
residential-neighborhood,03_sketchup_diffusion,SUD_1_2,images/03_sketchup_diffusion/residential-neighborhood_SUD_1_2.jpg,SUD_1_2.png,1704,872,1704,872
residential-neighborhood,03_sketchup_diffusion,SUD_1_3,images/03_sketchup_diffusion/residential-neighborhood_SUD_1_3.jpg,SUD_1_3.png,1704,872,1704,872
residential-neighborhood,03_sketchup_diffusion,SUD_1_4,images/03_sketchup_diffusion/residential-neighborhood_SUD_1_4.jpg,SUD_1_4.png,1704,872,1704,872
residential-neighborhood,03_sketchup_diffusion,SUD_1_5,images/03_sketchup_diffusion/residential-neighborhood_SUD_1_5.jpg,SUD_1_5.png,1704,872,1704,872
residential-neighborhood,03_sketchup_diffusion,SUD_2_1,images/03_sketchup_diffusion/residential-neighborhood_SUD_2_1.jpg,SUD_2_1.png,1704,872,1704,872
residential-neighborhood,03_sketchup_diffusion,SUD_2_2,images/03_sketchup_diffusion/residential-neighborhood_SUD_2_2.jpg,SUD_2_2.png,1704,872,1704,872
residential-neighborhood,03_sketchup_diffusion,SUD_2_3,images/03_sketchup_diffusion/residential-neighborhood_SUD_2_3.jpg,SUD_2_3.png,1704,872,1704,872
residential-neighborhood,03_sketchup_diffusion,SUD_2_4,images/03_sketchup_diffusion/residential-neighborhood_SUD_2_4.jpg,SUD_2_4.png,1704,872,1704,872
residential-neighborhood,03_sketchup_diffusion,SUD_2_5,images/03_sketchup_diffusion/residential-neighborhood_SUD_2_5.jpg,SUD_2_5.png,1704,872,1704,872
residential-neighborhood,03_sketchup_diffusion,SUD_3_1,images/03_sketchup_diffusion/residential-neighborhood_SUD_3_1.jpg,SUD_3_1.png,1704,872,1704,872
residential-neighborhood,03_sketchup_diffusion,SUD_3_2,images/03_sketchup_diffusion/residential-neighborhood_SUD_3_2.jpg,SUD_3_2.png,1704,872,1704,872
residential-neighborhood,03_sketchup_diffusion,SUD_3_3,images/03_sketchup_diffusion/residential-neighborhood_SUD_3_3.jpg,SUD_3_3.png,1704,872,1704,872
residential-neighborhood,03_sketchup_diffusion,SUD_3_4,images/03_sketchup_diffusion/residential-neighborhood_SUD_3_4.jpg,SUD_3_4.png,1704,872,1704,872
residential-neighborhood,03_sketchup_diffusion,SUD_3_5,images/03_sketchup_diffusion/residential-neighborhood_SUD_3_5.jpg,SUD_3_5.png,1704,872,1704,872
sports-complex,03_sketchup_diffusion,SUD_1_1,images/03_sketchup_diffusion/sports-complex_SUD_1_1.jpg,SUD_1_1.png,1768,1120,1768,1120
sports-complex,03_sketchup_diffusion,SUD_1_2,images/03_sketchup_diffusion/sports-complex_SUD_1_2.jpg,SUD_1_2.png,1768,1120,1768,1120
sports-complex,03_sketchup_diffusion,SUD_1_3,images/03_sketchup_diffusion/sports-complex_SUD_1_3.jpg,SUD_1_3.png,1768,1120,1768,1120
sports-complex,03_sketchup_diffusion,SUD_1_4,images/03_sketchup_diffusion/sports-complex_SUD_1_4.jpg,SUD_1_4.png,1768,1120,1768,1120
sports-complex,03_sketchup_diffusion,SUD_1_5,images/03_sketchup_diffusion/sports-complex_SUD_1_5.jpg,SUD_1_5.png,1768,1120,1768,1120
sports-complex,03_sketchup_diffusion,SUD_2_1,images/03_sketchup_diffusion/sports-complex_SUD_2_1.jpg,SUD_2_1.png,1768,1120,1768,1120
sports-complex,03_sketchup_diffusion,SUD_2_2,images/03_sketchup_diffusion/sports-complex_SUD_2_2.jpg,SUD_2_2.png,1768,1120,1768,1120
sports-complex,03_sketchup_diffusion,SUD_2_3,images/03_sketchup_diffusion/sports-complex_SUD_2_3.jpg,SUD_2_3.png,1768,1120,1768,1120
sports-complex,03_sketchup_diffusion,SUD_2_4,images/03_sketchup_diffusion/sports-complex_SUD_2_4.jpg,SUD_2_4.png,1768,1120,1768,1120
sports-complex,03_sketchup_diffusion,SUD_2_5,images/03_sketchup_diffusion/sports-complex_SUD_2_5.jpg,SUD_2_5.png,1768,1120,1768,1120
sports-complex,03_sketchup_diffusion,SUD_3_1,images/03_sketchup_diffusion/sports-complex_SUD_3_1.jpg,SUD_3_1.png,1768,1120,1768,1120
sports-complex,03_sketchup_diffusion,SUD_3_2,images/03_sketchup_diffusion/sports-complex_SUD_3_2.jpg,SUD_3_2.png,1768,1120,1768,1120
sports-complex,03_sketchup_diffusion,SUD_3_3,images/03_sketchup_diffusion/sports-complex_SUD_3_3.jpg,SUD_3_3.png,1768,1120,1768,1120
sports-complex,03_sketchup_diffusion,SUD_3_4,images/03_sketchup_diffusion/sports-complex_SUD_3_4.jpg,SUD_3_4.png,1768,1120,1768,1120
sports-complex,03_sketchup_diffusion,SUD_3_5,images/03_sketchup_diffusion/sports-complex_SUD_3_5.jpg,SUD_3_5.png,1768,1120,1768,1120
wetland-park,04_midjourney,MJ_1_1,images/04_midjourney/wetland-park_MJ_1_1.jpg,MJ_1_1.png.png,1344,896,1344,896
wetland-park,04_midjourney,MJ_1_2,images/04_midjourney/wetland-park_MJ_1_2.jpg,MJ_1_2.png.png,1024,1024,1024,1024
wetland-park,04_midjourney,MJ_1_3,images/04_midjourney/wetland-park_MJ_1_3.jpg,MJ_1_3.png.png,1344,896,1344,896
wetland-park,04_midjourney,MJ_1_4,images/04_midjourney/wetland-park_MJ_1_4.jpg,MJ_1_4.png.png,1024,1024,1024,1024
wetland-park,04_midjourney,MJ_1_5,images/04_midjourney/wetland-park_MJ_1_5.jpg,MJ_1_5.png.png,1024,1024,1024,1024
wetland-park,04_midjourney,MJ_2_1,images/04_midjourney/wetland-park_MJ_2_1.jpg,MJ_2_1.png.png,1024,1024,1024,1024
wetland-park,04_midjourney,MJ_2_2,images/04_midjourney/wetland-park_MJ_2_2.jpg,MJ_2_2.png.png,1024,1024,1024,1024
wetland-park,04_midjourney,MJ_2_3,images/04_midjourney/wetland-park_MJ_2_3.jpg,MJ_2_3.png.png,1024,1024,1024,1024
wetland-park,04_midjourney,MJ_2_4,images/04_midjourney/wetland-park_MJ_2_4.jpg,MJ_2_4.png.png,1024,1024,1024,1024
wetland-park,04_midjourney,MJ_2_5,images/04_midjourney/wetland-park_MJ_2_5.jpg,MJ_2_5.png.png,1024,1024,1024,1024
wetland-park,04_midjourney,MJ_3_1,images/04_midjourney/wetland-park_MJ_3_1.jpg,MJ_3_1.png,1024,1024,1024,1024
wetland-park,04_midjourney,MJ_3_2,images/04_midjourney/wetland-park_MJ_3_2.jpg,MJ_3_2.png,1024,1024,1024,1024
wetland-park,04_midjourney,MJ_3_3,images/04_midjourney/wetland-park_MJ_3_3.jpg,MJ_3_3.png,1024,1024,1024,1024
wetland-park,04_midjourney,MJ_3_4,images/04_midjourney/wetland-park_MJ_3_4.jpg,MJ_3_4.png,1024,1024,1024,1024
wetland-park,04_midjourney,MJ_3_5,images/04_midjourney/wetland-park_MJ_3_5.jpg,MJ_3_5.png,1024,1024,1024,1024
urban-riverfront,04_midjourney,MJ_1_1,images/04_midjourney/urban-riverfront_MJ_1_1.jpg,MJ_1_1.png,1024,1024,1024,1024
urban-riverfront,04_midjourney,MJ_1_2,images/04_midjourney/urban-riverfront_MJ_1_2.jpg,MJ_1_2.png,1024,1024,1024,1024
urban-riverfront,04_midjourney,MJ_1_3,images/04_midjourney/urban-riverfront_MJ_1_3.jpg,MJ_1_3.png,1024,1024,1024,1024
urban-riverfront,04_midjourney,MJ_1_4,images/04_midjourney/urban-riverfront_MJ_1_4.jpg,MJ_1_4.png,1024,1024,1024,1024
urban-riverfront,04_midjourney,MJ_1_5,images/04_midjourney/urban-riverfront_MJ_1_5.jpg,MJ_1_5.png,1024,1024,1024,1024
urban-riverfront,04_midjourney,MJ_2_1,images/04_midjourney/urban-riverfront_MJ_2_1.jpg,MJ_2_1.png,1024,1024,1024,1024
urban-riverfront,04_midjourney,MJ_2_2,images/04_midjourney/urban-riverfront_MJ_2_2.jpg,MJ_2_2.png,1024,1024,1024,1024
urban-riverfront,04_midjourney,MJ_2_3,images/04_midjourney/urban-riverfront_MJ_2_3.jpg,MJ_2_3.png,1024,1024,1024,1024
urban-riverfront,04_midjourney,MJ_2_4,images/04_midjourney/urban-riverfront_MJ_2_4.jpg,MJ_2_4.png,1024,1024,1024,1024
urban-riverfront,04_midjourney,MJ_2_5,images/04_midjourney/urban-riverfront_MJ_2_5.jpg,MJ_2_5.png,1024,1024,1024,1024
urban-riverfront,04_midjourney,MJ_3_1,images/04_midjourney/urban-riverfront_MJ_3_1.jpg,MJ_3_1.png,1024,1024,1024,1024
urban-riverfront,04_midjourney,MJ_3_2,images/04_midjourney/urban-riverfront_MJ_3_2.jpg,MJ_3_2.png,1024,1024,1024,1024
urban-riverfront,04_midjourney,MJ_3_3,images/04_midjourney/urban-riverfront_MJ_3_3.jpg,MJ_3_3.png,1024,1024,1024,1024
urban-riverfront,04_midjourney,MJ_3_4,images/04_midjourney/urban-riverfront_MJ_3_4.jpg,MJ_3_4.png,1024,1024,1024,1024
urban-riverfront,04_midjourney,MJ_3_5,images/04_midjourney/urban-riverfront_MJ_3_5.jpg,MJ_3_5.png,1024,1024,1024,1024
prairie-equestrian,04_midjourney,MJ_1_1,images/04_midjourney/prairie-equestrian_MJ_1_1.jpg,MJ_1_1.png,1024,1024,1024,1024
prairie-equestrian,04_midjourney,MJ_1_2,images/04_midjourney/prairie-equestrian_MJ_1_2.jpg,MJ_1_2.png,1456,816,1456,816
prairie-equestrian,04_midjourney,MJ_1_3,images/04_midjourney/prairie-equestrian_MJ_1_3.jpg,MJ_1_3.png,1456,816,1456,816
prairie-equestrian,04_midjourney,MJ_1_4,images/04_midjourney/prairie-equestrian_MJ_1_4.jpg,MJ_1_4.png,1456,816,1456,816
prairie-equestrian,04_midjourney,MJ_1_5,images/04_midjourney/prairie-equestrian_MJ_1_5.jpg,MJ_1_5.png,1024,1024,1024,1024
prairie-equestrian,04_midjourney,MJ_2_1,images/04_midjourney/prairie-equestrian_MJ_2_1.jpg,MJ_2_1.png,1024,1024,1024,1024
prairie-equestrian,04_midjourney,MJ_2_2,images/04_midjourney/prairie-equestrian_MJ_2_2.jpg,MJ_2_2.png,1024,1024,1024,1024
prairie-equestrian,04_midjourney,MJ_2_3,images/04_midjourney/prairie-equestrian_MJ_2_3.jpg,MJ_2_3.png,1024,1024,1024,1024
prairie-equestrian,04_midjourney,MJ_2_4,images/04_midjourney/prairie-equestrian_MJ_2_4.jpg,MJ_2_4.png,1024,1024,1024,1024
prairie-equestrian,04_midjourney,MJ_2_5,images/04_midjourney/prairie-equestrian_MJ_2_5.jpg,MJ_2_5.png,1456,816,1456,816
prairie-equestrian,04_midjourney,MJ_3_1,images/04_midjourney/prairie-equestrian_MJ_3_1.jpg,MJ_3_1.png,1456,816,1456,816
prairie-equestrian,04_midjourney,MJ_3_2,images/04_midjourney/prairie-equestrian_MJ_3_2.jpg,MJ_3_2.png,1456,816,1456,816
prairie-equestrian,04_midjourney,MJ_3_3,images/04_midjourney/prairie-equestrian_MJ_3_3.jpg,MJ_3_3.png,1456,816,1456,816
prairie-equestrian,04_midjourney,MJ_3_4,images/04_midjourney/prairie-equestrian_MJ_3_4.jpg,MJ_3_4.png,1456,816,1456,816
prairie-equestrian,04_midjourney,MJ_3_5,images/04_midjourney/prairie-equestrian_MJ_3_5.jpg,MJ_3_5.png,1456,816,1456,816
residential-neighborhood,04_midjourney,MJ_1_1,images/04_midjourney/residential-neighborhood_MJ_1_1.jpg,MJ_1_1.png,1024,1024,1024,1024
residential-neighborhood,04_midjourney,MJ_1_2,images/04_midjourney/residential-neighborhood_MJ_1_2.jpg,MJ_1_2.png,1024,1024,1024,1024
residential-neighborhood,04_midjourney,MJ_1_3,images/04_midjourney/residential-neighborhood_MJ_1_3.jpg,MJ_1_3.png,1232,928,1232,928
residential-neighborhood,04_midjourney,MJ_1_4,images/04_midjourney/residential-neighborhood_MJ_1_4.jpg,MJ_1_4.png,1232,928,1232,928
residential-neighborhood,04_midjourney,MJ_1_5,images/04_midjourney/residential-neighborhood_MJ_1_5.jpg,MJ_1_5.png,1232,928,1232,928
residential-neighborhood,04_midjourney,MJ_2_1,images/04_midjourney/residential-neighborhood_MJ_2_1.jpg,MJ_2_1.png,1232,928,1232,928
residential-neighborhood,04_midjourney,MJ_2_2,images/04_midjourney/residential-neighborhood_MJ_2_2.jpg,MJ_2_2.png,1232,928,1232,928
residential-neighborhood,04_midjourney,MJ_2_3,images/04_midjourney/residential-neighborhood_MJ_2_3.jpg,MJ_2_3.png,1232,928,1232,928
residential-neighborhood,04_midjourney,MJ_2_4,images/04_midjourney/residential-neighborhood_MJ_2_4.jpg,MJ_2_4.png,1232,928,1232,928
residential-neighborhood,04_midjourney,MJ_2_5,images/04_midjourney/residential-neighborhood_MJ_2_5.jpg,MJ_2_5.png,1232,928,1232,928
residential-neighborhood,04_midjourney,MJ_3_1,images/04_midjourney/residential-neighborhood_MJ_3_1.jpg,MJ_3_1.png,1232,928,1232,928
residential-neighborhood,04_midjourney,MJ_3_2,images/04_midjourney/residential-neighborhood_MJ_3_2.jpg,MJ_3_2.png,1232,928,1232,928
residential-neighborhood,04_midjourney,MJ_3_3,images/04_midjourney/residential-neighborhood_MJ_3_3.jpg,MJ_3_3.png,1232,928,1232,928
residential-neighborhood,04_midjourney,MJ_3_4,images/04_midjourney/residential-neighborhood_MJ_3_4.jpg,MJ_3_4.png,1232,928,1232,928
residential-neighborhood,04_midjourney,MJ_3_5,images/04_midjourney/residential-neighborhood_MJ_3_5.jpg,MJ_3_5.png,1232,928,1232,928
sports-complex,04_midjourney,MJ_1_1,images/04_midjourney/sports-complex_MJ_1_1.jpg,MJ_1_1.png,1024,1024,1024,1024
sports-complex,04_midjourney,MJ_1_2,images/04_midjourney/sports-complex_MJ_1_2.jpg,MJ_1_2.png,1024,1024,1024,1024
sports-complex,04_midjourney,MJ_1_3,images/04_midjourney/sports-complex_MJ_1_3.jpg,MJ_1_3.png,1024,1024,1024,1024
sports-complex,04_midjourney,MJ_1_4,images/04_midjourney/sports-complex_MJ_1_4.jpg,MJ_1_4.png,1024,1024,1024,1024
sports-complex,04_midjourney,MJ_1_5,images/04_midjourney/sports-complex_MJ_1_5.jpg,MJ_1_5.png,1024,1024,1024,1024
sports-complex,04_midjourney,MJ_2_1,images/04_midjourney/sports-complex_MJ_2_1.jpg,MJ_2_1.png,1024,1024,1024,1024
sports-complex,04_midjourney,MJ_2_2,images/04_midjourney/sports-complex_MJ_2_2.jpg,MJ_2_2.png,1024,1024,1024,1024
sports-complex,04_midjourney,MJ_2_3,images/04_midjourney/sports-complex_MJ_2_3.jpg,MJ_2_3.png,1024,1024,1024,1024
sports-complex,04_midjourney,MJ_2_4,images/04_midjourney/sports-complex_MJ_2_4.jpg,MJ_2_4.png,1024,1024,1024,1024
sports-complex,04_midjourney,MJ_2_5,images/04_midjourney/sports-complex_MJ_2_5.jpg,MJ_2_5.png,1024,1024,1024,1024
sports-complex,04_midjourney,MJ_3_1,images/04_midjourney/sports-complex_MJ_3_1.jpg,MJ_3_1.png,1024,1024,1024,1024
sports-complex,04_midjourney,MJ_3_2,images/04_midjourney/sports-complex_MJ_3_2.jpg,MJ_3_2.png,1024,1024,1024,1024
sports-complex,04_midjourney,MJ_3_3,images/04_midjourney/sports-complex_MJ_3_3.jpg,MJ_3_3.png,1024,1024,1024,1024
sports-complex,04_midjourney,MJ_3_4,images/04_midjourney/sports-complex_MJ_3_4.jpg,MJ_3_4.png,1024,1024,1024,1024
sports-complex,04_midjourney,MJ_3_5,images/04_midjourney/sports-complex_MJ_3_5.jpg,MJ_3_5.png,1024,1024,1024,1024
wetland-park,05_stable_diffusion,SD_1_1,images/05_stable_diffusion/wetland-park_SD_1_1.jpg,SD_1_1.png,1024,768,1024,768
wetland-park,05_stable_diffusion,SD_1_2,images/05_stable_diffusion/wetland-park_SD_1_2.jpg,SD_1_2.png,1024,768,1024,768
wetland-park,05_stable_diffusion,SD_1_3,images/05_stable_diffusion/wetland-park_SD_1_3.jpg,SD_1_3.png,1024,768,1024,768
wetland-park,05_stable_diffusion,SD_1_4,images/05_stable_diffusion/wetland-park_SD_1_4.jpg,SD_1_4.png,1024,768,1024,768
wetland-park,05_stable_diffusion,SD_1_5,images/05_stable_diffusion/wetland-park_SD_1_5.jpg,SD_1_5.png,1024,768,1024,768
wetland-park,05_stable_diffusion,SD_2_1,images/05_stable_diffusion/wetland-park_SD_2_1.jpg,sd_2_1.png,1608,880,1608,880
wetland-park,05_stable_diffusion,SD_2_2,images/05_stable_diffusion/wetland-park_SD_2_2.jpg,sd_2_2.png,1608,880,1608,880
wetland-park,05_stable_diffusion,SD_2_3,images/05_stable_diffusion/wetland-park_SD_2_3.jpg,sd_2_3.png,1608,880,1608,880
wetland-park,05_stable_diffusion,SD_2_4,images/05_stable_diffusion/wetland-park_SD_2_4.jpg,sd_2_4.png,1608,880,1608,880
wetland-park,05_stable_diffusion,SD_2_5,images/05_stable_diffusion/wetland-park_SD_2_5.jpg,sd_2_5.png,1608,880,1608,880
wetland-park,05_stable_diffusion,SD_3_1,images/05_stable_diffusion/wetland-park_SD_3_1.jpg,sd_3_1.png,1608,880,1608,880
wetland-park,05_stable_diffusion,SD_3_2,images/05_stable_diffusion/wetland-park_SD_3_2.jpg,sd_3_2.png,1608,880,1608,880
wetland-park,05_stable_diffusion,SD_3_3,images/05_stable_diffusion/wetland-park_SD_3_3.jpg,sd_3_3.png,1608,880,1608,880
wetland-park,05_stable_diffusion,SD_3_4,images/05_stable_diffusion/wetland-park_SD_3_4.jpg,sd_3_4.png,1608,880,1608,880
wetland-park,05_stable_diffusion,SD_3_5,images/05_stable_diffusion/wetland-park_SD_3_5.jpg,sd_3_5.png,1608,880,1608,880
urban-riverfront,05_stable_diffusion,SD_1_1,images/05_stable_diffusion/urban-riverfront_SD_1_1.jpg,SD_1_1.png,1248,704,1248,704
urban-riverfront,05_stable_diffusion,SD_1_2,images/05_stable_diffusion/urban-riverfront_SD_1_2.jpg,SD_1_2.png,1248,704,1248,704
urban-riverfront,05_stable_diffusion,SD_1_3,images/05_stable_diffusion/urban-riverfront_SD_1_3.jpg,SD_1_3.png,1248,704,1248,704
urban-riverfront,05_stable_diffusion,SD_1_4,images/05_stable_diffusion/urban-riverfront_SD_1_4.jpg,SD_1_4.png,1248,704,1248,704
urban-riverfront,05_stable_diffusion,SD_1_5,images/05_stable_diffusion/urban-riverfront_SD_1_5.jpg,SD_1_5.png,1248,704,1248,704
urban-riverfront,05_stable_diffusion,SD_2_1,images/05_stable_diffusion/urban-riverfront_SD_2_1.jpg,SD_2_1.png,1248,704,1248,704
urban-riverfront,05_stable_diffusion,SD_2_2,images/05_stable_diffusion/urban-riverfront_SD_2_2.jpg,SD_2_2.png,1248,704,1248,704
urban-riverfront,05_stable_diffusion,SD_2_3,images/05_stable_diffusion/urban-riverfront_SD_2_3.jpg,SD_2_3.png,1248,704,1248,704
urban-riverfront,05_stable_diffusion,SD_2_4,images/05_stable_diffusion/urban-riverfront_SD_2_4.jpg,SD_2_4.png,1248,704,1248,704
urban-riverfront,05_stable_diffusion,SD_2_5,images/05_stable_diffusion/urban-riverfront_SD_2_5.jpg,SD_2_5.png,1248,704,1248,704
urban-riverfront,05_stable_diffusion,SD_3_1,images/05_stable_diffusion/urban-riverfront_SD_3_1.jpg,SD_3_1.png,1248,704,1248,704
urban-riverfront,05_stable_diffusion,SD_3_2,images/05_stable_diffusion/urban-riverfront_SD_3_2.jpg,SD_3_2.png,1248,704,1248,704
urban-riverfront,05_stable_diffusion,SD_3_3,images/05_stable_diffusion/urban-riverfront_SD_3_3.jpg,SD_3_3.png,1248,704,1248,704
urban-riverfront,05_stable_diffusion,SD_3_4,images/05_stable_diffusion/urban-riverfront_SD_3_4.jpg,SD_3_4.png,1248,704,1248,704
urban-riverfront,05_stable_diffusion,SD_3_5,images/05_stable_diffusion/urban-riverfront_SD_3_5.jpg,SD_3_5.png,1248,704,1248,704
prairie-equestrian,05_stable_diffusion,SD_1_1,images/05_stable_diffusion/prairie-equestrian_SD_1_1.jpg,SD_1_1.png,1920,1080,1920,1080
prairie-equestrian,05_stable_diffusion,SD_1_2,images/05_stable_diffusion/prairie-equestrian_SD_1_2.jpg,SD_1_2.png,1920,1080,1920,1080
prairie-equestrian,05_stable_diffusion,SD_1_3,images/05_stable_diffusion/prairie-equestrian_SD_1_3.jpg,SD_1_3.png,1920,1080,1920,1080
prairie-equestrian,05_stable_diffusion,SD_1_4,images/05_stable_diffusion/prairie-equestrian_SD_1_4.jpg,SD_1_4.png,1920,1080,1920,1080
prairie-equestrian,05_stable_diffusion,SD_1_5,images/05_stable_diffusion/prairie-equestrian_SD_1_5.jpg,SD_1_5.png,1920,1080,1920,1080
prairie-equestrian,05_stable_diffusion,SD_2_1,images/05_stable_diffusion/prairie-equestrian_SD_2_1.jpg,SD_2_1.png,1920,1080,1920,1080
prairie-equestrian,05_stable_diffusion,SD_2_2,images/05_stable_diffusion/prairie-equestrian_SD_2_2.jpg,SD_2_2.png,1920,1080,1920,1080
prairie-equestrian,05_stable_diffusion,SD_2_3,images/05_stable_diffusion/prairie-equestrian_SD_2_3.jpg,SD_2_3.png,1920,1080,1920,1080
prairie-equestrian,05_stable_diffusion,SD_2_4,images/05_stable_diffusion/prairie-equestrian_SD_2_4.jpg,SD_2_4.png,1920,1080,1920,1080
prairie-equestrian,05_stable_diffusion,SD_2_5,images/05_stable_diffusion/prairie-equestrian_SD_2_5.jpg,SD_2_5.png,1920,1080,1920,1080
prairie-equestrian,05_stable_diffusion,SD_3_1,images/05_stable_diffusion/prairie-equestrian_SD_3_1.jpg,SD_3_1.png,1280,720,1280,720
prairie-equestrian,05_stable_diffusion,SD_3_2,images/05_stable_diffusion/prairie-equestrian_SD_3_2.jpg,SD_3_2.png,1920,1080,1920,1080
prairie-equestrian,05_stable_diffusion,SD_3_3,images/05_stable_diffusion/prairie-equestrian_SD_3_3.jpg,SD_3_3.png,1920,1080,1920,1080
prairie-equestrian,05_stable_diffusion,SD_3_4,images/05_stable_diffusion/prairie-equestrian_SD_3_4.jpg,SD_3_4.png,1920,1080,1920,1080
prairie-equestrian,05_stable_diffusion,SD_3_5,images/05_stable_diffusion/prairie-equestrian_SD_3_5.jpg,SD_3_5.png,1920,1080,1920,1080
residential-neighborhood,05_stable_diffusion,SD_1_1,images/05_stable_diffusion/residential-neighborhood_SD_1_1.jpg,SD_1_1.png,1280,720,1280,720
residential-neighborhood,05_stable_diffusion,SD_1_2,images/05_stable_diffusion/residential-neighborhood_SD_1_2.jpg,SD_1_2.png,1280,720,1280,720
residential-neighborhood,05_stable_diffusion,SD_1_3,images/05_stable_diffusion/residential-neighborhood_SD_1_3.jpg,SD_1_3.png,1280,720,1280,720
residential-neighborhood,05_stable_diffusion,SD_1_4,images/05_stable_diffusion/residential-neighborhood_SD_1_4.jpg,SD_1_4.png,1280,720,1280,720
residential-neighborhood,05_stable_diffusion,SD_1_5,images/05_stable_diffusion/residential-neighborhood_SD_1_5.jpg,SD_1_5.png,1280,720,1280,720
residential-neighborhood,05_stable_diffusion,SD_2_1,images/05_stable_diffusion/residential-neighborhood_SD_2_1.jpg,SD_2_1.png,1280,720,1280,720
residential-neighborhood,05_stable_diffusion,SD_2_2,images/05_stable_diffusion/residential-neighborhood_SD_2_2.jpg,SD_2_2.png,1280,720,1280,720
residential-neighborhood,05_stable_diffusion,SD_2_3,images/05_stable_diffusion/residential-neighborhood_SD_2_3.jpg,SD_2_3.png,1280,720,1280,720
residential-neighborhood,05_stable_diffusion,SD_2_4,images/05_stable_diffusion/residential-neighborhood_SD_2_4.jpg,SD_2_4.png,1280,720,1280,720
residential-neighborhood,05_stable_diffusion,SD_2_5,images/05_stable_diffusion/residential-neighborhood_SD_2_5.jpg,SD_2_5.png,1280,720,1280,720
residential-neighborhood,05_stable_diffusion,SD_3_1,images/05_stable_diffusion/residential-neighborhood_SD_3_1.jpg,SD_3_1.png,1280,720,1280,720
residential-neighborhood,05_stable_diffusion,SD_3_2,images/05_stable_diffusion/residential-neighborhood_SD_3_2.jpg,SD_3_2.png,1280,720,1280,720
residential-neighborhood,05_stable_diffusion,SD_3_3,images/05_stable_diffusion/residential-neighborhood_SD_3_3.jpg,SD_3_3.png,1280,720,1280,720
residential-neighborhood,05_stable_diffusion,SD_3_4,images/05_stable_diffusion/residential-neighborhood_SD_3_4.jpg,SD_3_4.png,1280,720,1280,720
residential-neighborhood,05_stable_diffusion,SD_3_5,images/05_stable_diffusion/residential-neighborhood_SD_3_5.jpg,SD_3_5.png,1280,720,1280,720
sports-complex,05_stable_diffusion,SD_1_1,images/05_stable_diffusion/sports-complex_SD_1_1.jpg,SD_1_1.png,1400,1024,1400,1024
sports-complex,05_stable_diffusion,SD_1_2,images/05_stable_diffusion/sports-complex_SD_1_2.jpg,SD_1_2.png,1400,1024,1400,1024
sports-complex,05_stable_diffusion,SD_1_3,images/05_stable_diffusion/sports-complex_SD_1_3.jpg,SD_1_3.png,1400,1024,1400,1024
sports-complex,05_stable_diffusion,SD_1_4,images/05_stable_diffusion/sports-complex_SD_1_4.jpg,SD_1_4.png,1400,1024,1400,1024
sports-complex,05_stable_diffusion,SD_1_5,images/05_stable_diffusion/sports-complex_SD_1_5.jpg,SD_1_5.png,1400,1024,1400,1024
sports-complex,05_stable_diffusion,SD_2_1,images/05_stable_diffusion/sports-complex_SD_2_1.jpg,SD_2_1.png,1400,1024,1400,1024
sports-complex,05_stable_diffusion,SD_2_2,images/05_stable_diffusion/sports-complex_SD_2_2.jpg,SD_2_2.png,1400,1024,1400,1024
sports-complex,05_stable_diffusion,SD_2_3,images/05_stable_diffusion/sports-complex_SD_2_3.jpg,SD_2_3.png,1400,1024,1400,1024
sports-complex,05_stable_diffusion,SD_2_4,images/05_stable_diffusion/sports-complex_SD_2_4.jpg,SD_2_4.png,1400,1024,1400,1024
sports-complex,05_stable_diffusion,SD_2_5,images/05_stable_diffusion/sports-complex_SD_2_5.jpg,SD_2_5.png,1400,1024,1400,1024
sports-complex,05_stable_diffusion,SD_3_1,images/05_stable_diffusion/sports-complex_SD_3_1.jpg,SD_3_1.png,1400,1024,1400,1024
sports-complex,05_stable_diffusion,SD_3_2,images/05_stable_diffusion/sports-complex_SD_3_2.jpg,SD_3_2.png,1400,1024,1400,1024
sports-complex,05_stable_diffusion,SD_3_3,images/05_stable_diffusion/sports-complex_SD_3_3.jpg,SD_3_3.png,1400,1024,1400,1024
sports-complex,05_stable_diffusion,SD_3_4,images/05_stable_diffusion/sports-complex_SD_3_4.jpg,SD_3_4.png,1400,1024,1400,1024
sports-complex,05_stable_diffusion,SD_3_5,images/05_stable_diffusion/sports-complex_SD_3_5.jpg,SD_3_5.png,1400,1024,1400,1024
wetland-park,06_lora,LoRA_1_1,images/06_lora/wetland-park_LoRA_1_1.jpg,lora_1_1.png,1024,768,1024,768
wetland-park,06_lora,LoRA_1_2,images/06_lora/wetland-park_LoRA_1_2.jpg,lora_1_2.png.png,1024,768,1024,768
wetland-park,06_lora,LoRA_1_3,images/06_lora/wetland-park_LoRA_1_3.jpg,lora_1_3.png.png,1024,768,1024,768
wetland-park,06_lora,LoRA_1_4,images/06_lora/wetland-park_LoRA_1_4.jpg,lora_1_4.png.png,1024,768,1024,768
wetland-park,06_lora,LoRA_1_5,images/06_lora/wetland-park_LoRA_1_5.jpg,lora_1_5.png.png,1024,768,1024,768
wetland-park,06_lora,LoRA_2_1,images/06_lora/wetland-park_LoRA_2_1.jpg,lora_2_1.png,1608,880,1608,880
wetland-park,06_lora,LoRA_2_2,images/06_lora/wetland-park_LoRA_2_2.jpg,lora_2_2.png,1608,880,1608,880
wetland-park,06_lora,LoRA_2_3,images/06_lora/wetland-park_LoRA_2_3.jpg,lora_2_3.png,1608,880,1608,880
wetland-park,06_lora,LoRA_2_4,images/06_lora/wetland-park_LoRA_2_4.jpg,lora_2_4.png,1608,880,1608,880
wetland-park,06_lora,LoRA_2_5,images/06_lora/wetland-park_LoRA_2_5.jpg,lora_2_5.png,1608,880,1608,880
wetland-park,06_lora,LoRA_3_1,images/06_lora/wetland-park_LoRA_3_1.jpg,lora_3_1.png,1608,880,1608,880
wetland-park,06_lora,LoRA_3_2,images/06_lora/wetland-park_LoRA_3_2.jpg,lora_3_2.png,1608,880,1608,880
wetland-park,06_lora,LoRA_3_3,images/06_lora/wetland-park_LoRA_3_3.jpg,lora_3_3.png,944,504,944,504
wetland-park,06_lora,LoRA_3_4,images/06_lora/wetland-park_LoRA_3_4.jpg,lora_3_4.png,1032,584,1032,584
wetland-park,06_lora,LoRA_3_5,images/06_lora/wetland-park_LoRA_3_5.jpg,lora_3_5.png,1032,584,1032,584
urban-riverfront,06_lora,LoRA_1_1,images/06_lora/urban-riverfront_LoRA_1_1.jpg,LoRA_1_1.png,1296,704,1296,704
urban-riverfront,06_lora,LoRA_1_2,images/06_lora/urban-riverfront_LoRA_1_2.jpg,LoRA_1_2.png,1296,704,1296,704
urban-riverfront,06_lora,LoRA_1_3,images/06_lora/urban-riverfront_LoRA_1_3.jpg,LoRA_1_3.png,1296,704,1296,704
urban-riverfront,06_lora,LoRA_1_4,images/06_lora/urban-riverfront_LoRA_1_4.jpg,LoRA_1_4.png,1296,704,1296,704
urban-riverfront,06_lora,LoRA_1_5,images/06_lora/urban-riverfront_LoRA_1_5.jpg,LoRA_1_5.png,1296,704,1296,704
urban-riverfront,06_lora,LoRA_2_1,images/06_lora/urban-riverfront_LoRA_2_1.jpg,LoRA_2_1.png,1248,704,1248,704
urban-riverfront,06_lora,LoRA_2_2,images/06_lora/urban-riverfront_LoRA_2_2.jpg,LoRA_2_2.png,1248,704,1248,704
urban-riverfront,06_lora,LoRA_2_3,images/06_lora/urban-riverfront_LoRA_2_3.jpg,LoRA_2_3.png,1248,704,1248,704
urban-riverfront,06_lora,LoRA_2_4,images/06_lora/urban-riverfront_LoRA_2_4.jpg,LoRA_2_4.png,1248,704,1248,704
urban-riverfront,06_lora,LoRA_2_5,images/06_lora/urban-riverfront_LoRA_2_5.jpg,LoRA_2_5.png,1248,704,1248,704
urban-riverfront,06_lora,LoRA_3_1,images/06_lora/urban-riverfront_LoRA_3_1.jpg,LoRA_3_1.png,1248,704,1248,704
urban-riverfront,06_lora,LoRA_3_2,images/06_lora/urban-riverfront_LoRA_3_2.jpg,LoRA_3_2.png,1248,704,1248,704
urban-riverfront,06_lora,LoRA_3_3,images/06_lora/urban-riverfront_LoRA_3_3.jpg,LoRA_3_3.png,1248,704,1248,704
urban-riverfront,06_lora,LoRA_3_4,images/06_lora/urban-riverfront_LoRA_3_4.jpg,LoRA_3_4.png,1248,704,1248,704
urban-riverfront,06_lora,LoRA_3_5,images/06_lora/urban-riverfront_LoRA_3_5.jpg,LoRA_3_5.png,1248,704,1248,704
prairie-equestrian,06_lora,LoRA_1_1,images/06_lora/prairie-equestrian_LoRA_1_1.jpg,LoRA_1_1.png,1920,1080,1920,1080
prairie-equestrian,06_lora,LoRA_1_2,images/06_lora/prairie-equestrian_LoRA_1_2.jpg,LoRA_1_2.png,1920,1080,1920,1080
prairie-equestrian,06_lora,LoRA_1_3,images/06_lora/prairie-equestrian_LoRA_1_3.jpg,LoRA_1_3.png,1920,1080,1920,1080
prairie-equestrian,06_lora,LoRA_1_4,images/06_lora/prairie-equestrian_LoRA_1_4.jpg,LoRA_1_4.png,1920,1080,1920,1080
prairie-equestrian,06_lora,LoRA_1_5,images/06_lora/prairie-equestrian_LoRA_1_5.jpg,LoRA_1_5.png,1920,1080,1920,1080
prairie-equestrian,06_lora,LoRA_2_1,images/06_lora/prairie-equestrian_LoRA_2_1.jpg,LoRA_2_1.png,1280,720,1280,720
prairie-equestrian,06_lora,LoRA_2_2,images/06_lora/prairie-equestrian_LoRA_2_2.jpg,LoRA_2_2.png,1920,1080,1920,1080
prairie-equestrian,06_lora,LoRA_2_3,images/06_lora/prairie-equestrian_LoRA_2_3.jpg,LoRA_2_3.png,1920,1080,1920,1080
prairie-equestrian,06_lora,LoRA_2_4,images/06_lora/prairie-equestrian_LoRA_2_4.jpg,LoRA_2_4.png,1920,1080,1920,1080
prairie-equestrian,06_lora,LoRA_2_5,images/06_lora/prairie-equestrian_LoRA_2_5.jpg,LoRA_2_5.png,1920,1080,1920,1080
prairie-equestrian,06_lora,LoRA_3_1,images/06_lora/prairie-equestrian_LoRA_3_1.jpg,LoRA_3_1.png,1920,1080,1920,1080
prairie-equestrian,06_lora,LoRA_3_2,images/06_lora/prairie-equestrian_LoRA_3_2.jpg,LoRA_3_2.png,1920,1080,1920,1080
prairie-equestrian,06_lora,LoRA_3_3,images/06_lora/prairie-equestrian_LoRA_3_3.jpg,LoRA_3_3.png,1920,1080,1920,1080
prairie-equestrian,06_lora,LoRA_3_4,images/06_lora/prairie-equestrian_LoRA_3_4.jpg,LoRA_3_4.png,1280,720,1280,720
prairie-equestrian,06_lora,LoRA_3_5,images/06_lora/prairie-equestrian_LoRA_3_5.jpg,LoRA_3_5.png,1280,720,1280,720
residential-neighborhood,06_lora,LoRA_1_1,images/06_lora/residential-neighborhood_LoRA_1_1.jpg,LoRA_1_1.png,1600,896,1600,896
residential-neighborhood,06_lora,LoRA_1_2,images/06_lora/residential-neighborhood_LoRA_1_2.jpg,LoRA_1_2.png,1496,896,1496,896
residential-neighborhood,06_lora,LoRA_1_3,images/06_lora/residential-neighborhood_LoRA_1_3.jpg,LoRA_1_3.png,1496,896,1496,896
residential-neighborhood,06_lora,LoRA_1_4,images/06_lora/residential-neighborhood_LoRA_1_4.jpg,LoRA_1_4.png,1496,896,1496,896
residential-neighborhood,06_lora,LoRA_1_5,images/06_lora/residential-neighborhood_LoRA_1_5.jpg,LoRA_1_5.png,1280,720,1280,720
residential-neighborhood,06_lora,LoRA_2_1,images/06_lora/residential-neighborhood_LoRA_2_1.jpg,LoRA_2_1.png,1280,720,1280,720
residential-neighborhood,06_lora,LoRA_2_2,images/06_lora/residential-neighborhood_LoRA_2_2.jpg,LoRA_2_2.png,1280,720,1280,720
residential-neighborhood,06_lora,LoRA_2_3,images/06_lora/residential-neighborhood_LoRA_2_3.jpg,LoRA_2_3.png,1280,720,1280,720
residential-neighborhood,06_lora,LoRA_2_4,images/06_lora/residential-neighborhood_LoRA_2_4.jpg,LoRA_2_4.png,1032,584,1032,584
residential-neighborhood,06_lora,LoRA_2_5,images/06_lora/residential-neighborhood_LoRA_2_5.jpg,LoRA_2_5.png,1280,720,1280,720
residential-neighborhood,06_lora,LoRA_3_1,images/06_lora/residential-neighborhood_LoRA_3_1.jpg,LoRA_3_1.png,1280,720,1280,720
residential-neighborhood,06_lora,LoRA_3_2,images/06_lora/residential-neighborhood_LoRA_3_2.jpg,LoRA_3_2.png,1280,720,1280,720
residential-neighborhood,06_lora,LoRA_3_3,images/06_lora/residential-neighborhood_LoRA_3_3.jpg,LoRA_3_3.png,1280,720,1280,720
residential-neighborhood,06_lora,LoRA_3_4,images/06_lora/residential-neighborhood_LoRA_3_4.jpg,LoRA_3_4.png,1280,720,1280,720
residential-neighborhood,06_lora,LoRA_3_5,images/06_lora/residential-neighborhood_LoRA_3_5.jpg,LoRA_3_5.png,1280,720,1280,720
sports-complex,06_lora,LoRA_1_1,images/06_lora/sports-complex_LoRA_1_1.jpg,LoRA_1_1.png,1400,1024,1400,1024
sports-complex,06_lora,LoRA_1_2,images/06_lora/sports-complex_LoRA_1_2.jpg,LoRA_1_2.png,1400,1024,1400,1024
sports-complex,06_lora,LoRA_1_3,images/06_lora/sports-complex_LoRA_1_3.jpg,LoRA_1_3.png,1024,768,1024,768
sports-complex,06_lora,LoRA_1_4,images/06_lora/sports-complex_LoRA_1_4.jpg,LoRA_1_4.png,1400,1024,1400,1024
sports-complex,06_lora,LoRA_1_5,images/06_lora/sports-complex_LoRA_1_5.jpg,LoRA_1_5.png,1024,768,1024,768
sports-complex,06_lora,LoRA_2_1,images/06_lora/sports-complex_LoRA_2_1.jpg,LoRA_2_1.png,1024,768,1024,768
sports-complex,06_lora,LoRA_2_2,images/06_lora/sports-complex_LoRA_2_2.jpg,LoRA_2_2.png,1024,768,1024,768
sports-complex,06_lora,LoRA_2_3,images/06_lora/sports-complex_LoRA_2_3.jpg,LoRA_2_3.png,1400,1024,1400,1024
sports-complex,06_lora,LoRA_2_4,images/06_lora/sports-complex_LoRA_2_4.jpg,LoRA_2_4.png,1024,768,1024,768
sports-complex,06_lora,LoRA_2_5,images/06_lora/sports-complex_LoRA_2_5.jpg,LoRA_2_5.png,1400,1024,1400,1024
sports-complex,06_lora,LoRA_3_1,images/06_lora/sports-complex_LoRA_3_1.jpg,LoRA_3_1.png,1400,1024,1400,1024
sports-complex,06_lora,LoRA_3_2,images/06_lora/sports-complex_LoRA_3_2.jpg,LoRA_3_2.png,1400,1024,1400,1024
sports-complex,06_lora,LoRA_3_3,images/06_lora/sports-complex_LoRA_3_3.jpg,LoRA_3_3.png,1400,1024,1400,1024
sports-complex,06_lora,LoRA_3_4,images/06_lora/sports-complex_LoRA_3_4.jpg,LoRA_3_4.png,1400,1024,1400,1024
sports-complex,06_lora,LoRA_3_5,images/06_lora/sports-complex_LoRA_3_5.jpg,LoRA_3_5.png,1400,1024,1400,1024
wetland-park,07_gpt4o,GPT_1_3,images/07_gpt4o/wetland-park_GPT_1_3.jpg,Chaygpt_1_3.png,1536,1024,1536,1024
wetland-park,07_gpt4o,GPT_1_4,images/07_gpt4o/wetland-park_GPT_1_4.jpg,ChatGPT_1_4.png,1536,1024,1536,1024
wetland-park,07_gpt4o,GPT_1_5,images/07_gpt4o/wetland-park_GPT_1_5.jpg,ChatGPT_1_5.png,1536,1024,1536,1024
wetland-park,07_gpt4o,GPT_2_1,images/07_gpt4o/wetland-park_GPT_2_1.jpg,ChatGPT_2_1.png,1536,1024,1536,1024
wetland-park,07_gpt4o,GPT_2_2,images/07_gpt4o/wetland-park_GPT_2_2.jpg,ChatGPT_2_2.png,1536,1024,1536,1024
wetland-park,07_gpt4o,GPT_2_3,images/07_gpt4o/wetland-park_GPT_2_3.jpg,ChatGPT_2_3.png,1536,1024,1536,1024
wetland-park,07_gpt4o,GPT_2_4,images/07_gpt4o/wetland-park_GPT_2_4.jpg,ChatGPT_2_4.png,1536,1024,1536,1024
wetland-park,07_gpt4o,GPT_2_5,images/07_gpt4o/wetland-park_GPT_2_5.jpg,ChatGPT_2_5.png,1536,1024,1536,1024
wetland-park,07_gpt4o,GPT_3_1,images/07_gpt4o/wetland-park_GPT_3_1.jpg,ChatGPT_3_1.png,1536,1024,1536,1024
wetland-park,07_gpt4o,GPT_3_2,images/07_gpt4o/wetland-park_GPT_3_2.jpg,ChatGPT_3_2.png,1536,1024,1536,1024
wetland-park,07_gpt4o,GPT_3_3,images/07_gpt4o/wetland-park_GPT_3_3.jpg,ChatGPT_3_3.png,1536,1024,1536,1024
wetland-park,07_gpt4o,GPT_3_4,images/07_gpt4o/wetland-park_GPT_3_4.jpg,ChatGPT_3_4.png,1536,1024,1536,1024
wetland-park,07_gpt4o,GPT_3_5,images/07_gpt4o/wetland-park_GPT_3_5.jpg,ChatGPT_3_5.png,1536,1024,1536,1024
urban-riverfront,07_gpt4o,GPT_1_1,images/07_gpt4o/urban-riverfront_GPT_1_1.jpg,GPT_1_1.png,1536,1024,1536,1024
urban-riverfront,07_gpt4o,GPT_1_2,images/07_gpt4o/urban-riverfront_GPT_1_2.jpg,GPT_1_2.png,1536,1024,1536,1024
urban-riverfront,07_gpt4o,GPT_1_3,images/07_gpt4o/urban-riverfront_GPT_1_3.jpg,gpt_1_3.png,1536,1024,1536,1024
urban-riverfront,07_gpt4o,GPT_1_4,images/07_gpt4o/urban-riverfront_GPT_1_4.jpg,GPT_1_4.png,1536,1024,1536,1024
urban-riverfront,07_gpt4o,GPT_1_5,images/07_gpt4o/urban-riverfront_GPT_1_5.jpg,GPT_1_5.png,1536,1024,1536,1024
urban-riverfront,07_gpt4o,GPT_2_1,images/07_gpt4o/urban-riverfront_GPT_2_1.jpg,gpt_2_1.png,1536,1024,1536,1024
urban-riverfront,07_gpt4o,GPT_2_2,images/07_gpt4o/urban-riverfront_GPT_2_2.jpg,GPT_2_2.png,1024,1024,1024,1024
urban-riverfront,07_gpt4o,GPT_2_3,images/07_gpt4o/urban-riverfront_GPT_2_3.jpg,GPT_2_3.png,1536,1024,1536,1024
urban-riverfront,07_gpt4o,GPT_2_5,images/07_gpt4o/urban-riverfront_GPT_2_5.jpg,GPT_2_5.png,1024,1024,1024,1024
urban-riverfront,07_gpt4o,GPT_3_1,images/07_gpt4o/urban-riverfront_GPT_3_1.jpg,GPT_3_1.png,1536,1024,1536,1024
urban-riverfront,07_gpt4o,GPT_3_2,images/07_gpt4o/urban-riverfront_GPT_3_2.jpg,GPT_3_2.png,1536,1024,1536,1024
urban-riverfront,07_gpt4o,GPT_3_3,images/07_gpt4o/urban-riverfront_GPT_3_3.jpg,GPT_3_3.png,1536,1024,1536,1024
urban-riverfront,07_gpt4o,GPT_3_4,images/07_gpt4o/urban-riverfront_GPT_3_4.jpg,GPT_3_4.png,1536,1024,1536,1024
urban-riverfront,07_gpt4o,GPT_3_5,images/07_gpt4o/urban-riverfront_GPT_3_5.jpg,GPT_3_5.png,1024,1024,1024,1024
prairie-equestrian,07_gpt4o,GPT_1_1,images/07_gpt4o/prairie-equestrian_GPT_1_1.jpg,GPT_1_1.png,1536,1024,1536,1024
prairie-equestrian,07_gpt4o,GPT_1_2,images/07_gpt4o/prairie-equestrian_GPT_1_2.jpg,GPT_1_2.png,1536,1024,1536,1024
prairie-equestrian,07_gpt4o,GPT_1_3,images/07_gpt4o/prairie-equestrian_GPT_1_3.jpg,GPT_1_3.png,1536,1024,1536,1024
prairie-equestrian,07_gpt4o,GPT_1_4,images/07_gpt4o/prairie-equestrian_GPT_1_4.jpg,(Final)GPT_1_4.png,1536,1024,1536,1024
prairie-equestrian,07_gpt4o,GPT_1_5,images/07_gpt4o/prairie-equestrian_GPT_1_5.jpg,GPT_1_5.png,1536,1024,1536,1024
prairie-equestrian,07_gpt4o,GPT_2_1,images/07_gpt4o/prairie-equestrian_GPT_2_1.jpg,GPT_2_1.png,1536,1024,1536,1024
prairie-equestrian,07_gpt4o,GPT_2_2,images/07_gpt4o/prairie-equestrian_GPT_2_2.jpg,GPT_2_2.png,1536,1024,1536,1024
prairie-equestrian,07_gpt4o,GPT_2_3,images/07_gpt4o/prairie-equestrian_GPT_2_3.jpg,GPT_2_3.png,1536,1024,1536,1024
prairie-equestrian,07_gpt4o,GPT_2_4,images/07_gpt4o/prairie-equestrian_GPT_2_4.jpg,GPT_2_4.png,1536,1024,1536,1024
prairie-equestrian,07_gpt4o,GPT_2_5,images/07_gpt4o/prairie-equestrian_GPT_2_5.jpg,GPT_2_5.png,1536,1024,1536,1024
prairie-equestrian,07_gpt4o,GPT_3_1,images/07_gpt4o/prairie-equestrian_GPT_3_1.jpg,GPT_3_1.png,1536,1024,1536,1024
prairie-equestrian,07_gpt4o,GPT_3_2,images/07_gpt4o/prairie-equestrian_GPT_3_2.jpg,GPT_3_2.png,1536,1024,1536,1024
prairie-equestrian,07_gpt4o,GPT_3_3,images/07_gpt4o/prairie-equestrian_GPT_3_3.jpg,GPT_3_3.png,1536,1024,1536,1024
prairie-equestrian,07_gpt4o,GPT_3_4,images/07_gpt4o/prairie-equestrian_GPT_3_4.jpg,GPT_3_4.png,1536,1024,1536,1024
prairie-equestrian,07_gpt4o,GPT_3_5,images/07_gpt4o/prairie-equestrian_GPT_3_5.jpg,GPT_3_5.png,1536,1024,1536,1024
residential-neighborhood,07_gpt4o,GPT_1_1,images/07_gpt4o/residential-neighborhood_GPT_1_1.jpg,GPT_1_1.png,1536,1024,1536,1024
residential-neighborhood,07_gpt4o,GPT_1_2,images/07_gpt4o/residential-neighborhood_GPT_1_2.jpg,GPT_1_2.png,1536,1024,1536,1024
residential-neighborhood,07_gpt4o,GPT_1_3,images/07_gpt4o/residential-neighborhood_GPT_1_3.jpg,GPT_1_3.png,1536,1024,1536,1024
residential-neighborhood,07_gpt4o,GPT_1_4,images/07_gpt4o/residential-neighborhood_GPT_1_4.jpg,GPT_1_4.png,1536,1024,1536,1024
residential-neighborhood,07_gpt4o,GPT_1_5,images/07_gpt4o/residential-neighborhood_GPT_1_5.jpg,GPT_1_5.png,1536,1024,1536,1024
residential-neighborhood,07_gpt4o,GPT_2_1,images/07_gpt4o/residential-neighborhood_GPT_2_1.jpg,GPT_2_1.png,1536,1024,1536,1024
residential-neighborhood,07_gpt4o,GPT_2_2,images/07_gpt4o/residential-neighborhood_GPT_2_2.jpg,GPT_2_2.png,1536,1024,1536,1024
residential-neighborhood,07_gpt4o,GPT_2_3,images/07_gpt4o/residential-neighborhood_GPT_2_3.jpg,GPT_2_3.png,1536,1024,1536,1024
residential-neighborhood,07_gpt4o,GPT_2_4,images/07_gpt4o/residential-neighborhood_GPT_2_4.jpg,GPT_2_4.png,1536,1024,1536,1024
residential-neighborhood,07_gpt4o,GPT_2_5,images/07_gpt4o/residential-neighborhood_GPT_2_5.jpg,GPT_2_5.png,1536,1024,1536,1024
residential-neighborhood,07_gpt4o,GPT_3_1,images/07_gpt4o/residential-neighborhood_GPT_3_1.jpg,GPT_3_1.png,1536,1024,1536,1024
residential-neighborhood,07_gpt4o,GPT_3_2,images/07_gpt4o/residential-neighborhood_GPT_3_2.jpg,GPT_3_2.png,1536,1024,1536,1024
residential-neighborhood,07_gpt4o,GPT_3_3,images/07_gpt4o/residential-neighborhood_GPT_3_3.jpg,GPT_3_3.png,1536,1024,1536,1024
residential-neighborhood,07_gpt4o,GPT_3_4,images/07_gpt4o/residential-neighborhood_GPT_3_4.jpg,GPT_3_4.png,1536,1024,1536,1024
residential-neighborhood,07_gpt4o,GPT_3_5,images/07_gpt4o/residential-neighborhood_GPT_3_5.jpg,GPT_3_5.png,1536,1024,1536,1024
sports-complex,07_gpt4o,GPT_1_1,images/07_gpt4o/sports-complex_GPT_1_1.jpg,GPT_1_1.png,1536,1024,1536,1024
sports-complex,07_gpt4o,GPT_1_2,images/07_gpt4o/sports-complex_GPT_1_2.jpg,GPT_1_2.png,1536,1024,1536,1024
sports-complex,07_gpt4o,GPT_1_3,images/07_gpt4o/sports-complex_GPT_1_3.jpg,GPT_1_3.png,1536,1024,1536,1024
sports-complex,07_gpt4o,GPT_1_4,images/07_gpt4o/sports-complex_GPT_1_4.jpg,GPT_1_4.png,1536,1024,1536,1024
sports-complex,07_gpt4o,GPT_1_5,images/07_gpt4o/sports-complex_GPT_1_5.jpg,GPT_1_5.png,1536,1024,1536,1024
sports-complex,07_gpt4o,GPT_2_1,images/07_gpt4o/sports-complex_GPT_2_1.jpg,GPT_2_1.png,1536,1024,1536,1024
sports-complex,07_gpt4o,GPT_2_2,images/07_gpt4o/sports-complex_GPT_2_2.jpg,GPT_2_2png.png,1536,1024,1536,1024
sports-complex,07_gpt4o,GPT_2_3,images/07_gpt4o/sports-complex_GPT_2_3.jpg,GPT_2_3.png,1024,1024,1024,1024
sports-complex,07_gpt4o,GPT_2_4,images/07_gpt4o/sports-complex_GPT_2_4.jpg,GPT_2_4.png,1536,1024,1536,1024
sports-complex,07_gpt4o,GPT_2_5,images/07_gpt4o/sports-complex_GPT_2_5.jpg,GPT_2_5.png,1536,1024,1536,1024
sports-complex,07_gpt4o,GPT_3_1,images/07_gpt4o/sports-complex_GPT_3_1.jpg,GPT_3_1.png,1024,1024,1024,1024
sports-complex,07_gpt4o,GPT_3_2,images/07_gpt4o/sports-complex_GPT_3_2.jpg,GPT_3_2.png,1024,1024,1024,1024
sports-complex,07_gpt4o,GPT_3_3,images/07_gpt4o/sports-complex_GPT_3_3.jpg,GPT_3_3.png,1536,1024,1536,1024
sports-complex,07_gpt4o,GPT_3_4,images/07_gpt4o/sports-complex_GPT_3_4.jpg,GPT_3_4.png,1536,1024,1536,1024
sports-complex,07_gpt4o,GPT_3_5,images/07_gpt4o/sports-complex_GPT_3_5.jpg,GPT_3_5.png,1536,1024,1536,1024
